cat_code	cat_name	parent_code	lv	item_count
A	一、综合医疗		1	167
B	二、病理学诊断		1	64
C	三、实验室诊查		1	1754
E	四、影像学诊查		1	612
F	五、临床诊查		1	855
H	六、临床手术		1	6013
K	七、临床非手术治疗		1	1210
L	八、临床物理治疗		1	98
M	九、康复理疗		1	314
P	十、中医医疗		1	401
N	十一、辅助操作		1	29
AA	(一)一般医疗服务	A	2	63
AB	(二)一般治疗操作	A	2	72
AC	(三)护理	A	2	26
AZ	(四)其他	A	2	6
BA	(一)尸检病理学诊断	B	2	6
BB	(二)细胞病理学检查与诊断	B	2	7
BC	(三)组织病理学检查与诊断	B	2	11
BD	(四)分子病理学技术与诊断	B	2	17
BE	(五)特染和免疫组织化学染色与诊断	B	2	5
BF	(六)电子显微镜技术与诊断	B	2	4
BZ	(七)其他	B	2	14
CA	(一)临床血液学检验	C	2	287
CC	(二)临床体液检验	C	2	122
CE	(三)临床化学检验	C	2	280
CG	(四)临床免疫学检验	C	2	410
CJ	(五)临床微生物与寄生虫学检验	C	2	195
CL	(六)临床分子生物学及细胞遗传学检验	C	2	460
EA	(一)X线检查	E	2	155
EB	(二)X线计算机体层检查	E	2	91
EC	(三)磁共振检查	E	2	100
ED	(四)超声诊断	E	2	128
EE	(五)核医学诊断	E	2	138
FB	(一)神经系统	F	2	52
FD	(二)内分泌系统	F	2	66
FE	(三)眼部	F	2	135
FF	(四)耳部	F	2	55
FG	(五)鼻咽喉	F	2	32
FH	(六)口腔颌面	F	2	31
FJ	(七)呼吸系统	F	2	62
FK	(八)循环系统	F	2	72
FN	(九)造血及淋巴系统	F	2	19
FP	(十)消化系统	F	2	62
FR	(十一)泌尿系统	F	2	19
FS	(十二)男性生殖系统	F	2	22
FT	(十三)女性生殖系统	F	2	22
FU	(十四)孕产系统	F	2	20
FV	(十五)肌肉骨骼系统	F	2	9
FY	(十六)体被系统	F	2	34
FA	(十七)精神心理	F	2	143
HA	(一)麻醉	H	2	93
HB	(二)神经系统	H	2	373
HD	(三)内分泌系统	H	2	48
HE	(四)眼部	H	2	304
HF	(五)耳部	H	2	125
HG	(六)鼻咽喉	H	2	251
HH	(七)口腔颌面	H	2	394
HJ	(八)呼吸系统	H	2	171
HK	(九)循环系统	H	2	1114
HN	(十)造血及淋巴系统	H	2	104
HP	(十一)消化系统	H	2	604
HR	(十二)泌尿系统	H	2	264
HS	(十三)男性生殖系统	H	2	121
HT	(十四)女性生殖系统	H	2	270
HU	(十五)孕产系统	H	2	14
HV	(十六)肌肉骨骼系统	H	2	1365
HY	(十七)体被系统	H	2	398
KB	(一)神经系统	K	2	81
KD	(二)内分泌系统	K	2	0
KE	(三)眼部	K	2	63
KF	(四)耳部	K	2	32
KG	(五)鼻咽喉	K	2	43
KH	(六)口腔颌面	K	2	262
KJ	(七)呼吸系统	K	2	60
KK	(八)循环系统	K	2	113
KN	(九)造血及淋巴系统	K	2	29
KP	(十)消化系统	K	2	121
KR	(十一)泌尿系统	K	2	69
KS	(十二)男性生殖系统	K	2	28
KT	(十三)女性生殖系统	K	2	56
KU	(十四)孕产系统	K	2	65
KV	(十五)肌肉骨骼系统	K	2	60
KY	(十六)体被系统	K	2	109
KA	(十七)精神心理	K	2	19
LA	(一)放射治疗	L	2	71
LB	(二)放射性核素治疗	L	2	12
LC	(三)聚焦超声治疗	L	2	5
LD	(四)热疗	L	2	10
MA	(一)康复评定	M	2	64
MB	(二)康复治疗	M	2	129
ME	(三)理疗	M	2	121
PA	(一)中医诊查	P	2	5
PB	(二)中医治疗	P	2	372
PC	(三)中医综合	P	2	24
NA	(一)设备辅助操作	N	2	11
NB	(二)微动力辅助操作	N	2	5
NC	(三)引导类辅助操作	N	2	7
ND	(四)手术导航类辅助操作	N	2	6
AAA	1.诊察	AA	3	22
AAB	2.床位	AA	3	12
AAD	3.会诊	AA	3	10
AAE	4.营养咨询与评估	AA	3	5
AAF	5.药学服务	AA	3	3
AAG	6.互联网诊疗	AA	3	10
AAH	7.其他	AA	3	1
ABA	1.注射	AB	3	4
ABB	2.采血	AB	3	3
ABC	3.静脉输注	AB	3	8
ABD	4.静脉置管	AB	3	5
ABE	5.清创缝合	AB	3	6
ABF	6.换药	AB	3	4
ABG	7. 胃肠治疗操作	AB	3	12
ABH	8.导尿与冲洗	AB	3	5
ABJ	9.吸氧	AB	3	2
ABK	10.雾化吸入	AB	3	4
ABL	11.物理降温	AB	3	4
ABM	12.抢救	AB	3	3
ABN	13.院前急救	AB	3	1
ABP	14.重症监护	AB	3	2
ABZ	15.其他	AB	3	9
ACA	1.分级护理	AC	3	4
ACB	2.专项护理	AC	3	22
BCA	1.常规组织病理学诊断	BC	3	8
BCB	2.术中冰冻及石蜡快速切片与诊断	BC	3	3
CAA	1.血液一般检验	CA	3	27
CAC	2.血细胞学检验	CA	3	39
CAE	3.贫血、溶血检验	CA	3	40
CAG	4.血栓、止血检验	CA	3	109
CAL	5.血液流变学检验	CA	3	2
CAM	6.血型、输血及人类组织相关性抗原检测	CA	3	70
CCA	1.尿液一般检验	CC	3	54
CCC	2.粪便检验	CC	3	11
CCD	3.穿刺液检验	CC	3	11
CCE	4.分泌物检验	CC	3	46
CEA	1.蛋白质及多肽类检验	CE	3	57
CEC	2.酶及相关物质检验	CE	3	50
CEE	3.小分子含氮物质检验	CE	3	12
CEF	4.碳水化合物及其相关物质检验	CE	3	3
CEG	5.有机酸检验	CE	3	5
CEH	6.脂质及其相关物质检验	CE	3	23
CEJ	7.电解质、血气分析检验	CE	3	12
CEK	8.微量元素检验	CE	3	4
CEL	9.色素及其相关物质检验	CE	3	4
CEM	10.维生素及其相关物质检验	CE	3	19
CEN	11.血药浓度及毒物检验	CE	3	6
CEQ	12.激素及相关物质检验	CE	3	76
CEZ	13.其他	CE	3	9
CGA	1.免疫功能检验	CG	3	81
CGD	2. 自身免疫病检验	CG	3	169
CGL	3.感染免疫学检验	CG	3	114
CGR	4.肿瘤标志物检验	CG	3	41
CGU	5.超敏过敏性检验	CG	3	5
CJA	1.细菌检验	CJ	3	138
CJE	2.衣原体检验	CJ	3	1
CJF	3.支原体检验	CJ	3	2
CJG	4.螺旋体检验	CJ	3	2
CJH	5.真菌检验	CJ	3	38
CJJ	6.病毒检验	CJ	3	1
CJK	7.寄生虫检验	CJ	3	13
CLA	1.感染性疾病分子生物学检验	CL	3	296
CLD	2.疾病相关分子生物学及细胞遗传学检验	CL	3	121
CLF	3.用药指导的分子生物学检验	CL	3	32
CLZ	4.其他	CL	3	11
EAA	1.透视	EA	3	4
EAB	2.X线摄影	EA	3	51
EAC	3.X线造影	EA	3	99
EAZ	4.其他	EA	3	1
EBA	1.平扫	EB	3	32
EBB	2.增强扫描	EB	3	31
EBC	3.特殊三维成像	EB	3	28
ECA	1.磁共振成像	EC	3	47
ECB	2.磁共振增强成像	EC	3	39
ECC	3.特殊磁共振检查	EC	3	14
EDA	1.A超	ED	3	1
EDB	2.B超	ED	3	30
EDC	3.彩色多普勒超声	ED	3	66
EDD	4.多普勒超声	ED	3	4
EDE	5.三维超声	ED	3	5
EDF	6.心脏超声	ED	3	20
EDZ	7.其他	ED	3	2
EEA	1.静态显像与功能测定	EE	3	36
EEB	2.动态显像	EE	3	30
EEC	3.断层显像	EE	3	19
EED	4.断层融合显像	EE	3	10
EEF	5.正电子发射断层融合显像	EE	3	27
EEG	6.核素功能试验	EE	3	11
EZZ	(六)其他成像检查	EE	3	0
FDA	1.下丘脑—垂体	FD	3	17
FDC	2.甲状腺	FD	3	5
FDD	3.甲状旁腺	FD	3	6
FDE	4.胰岛	FD	3	10
FDF	5.肾上腺	FD	3	25
FDZ	6.其他	FD	3	3
FJA	1.呼吸系统	FJ	3	8
FJC	2.气管	FJ	3	3
FJD	3.支气管	FJ	3	12
FJE	4.肺	FJ	3	35
FJM	5.胸部及纵隔	FJ	3	4
FPA	1.消化系统	FP	3	21
FPC	2.食管	FP	3	5
FPD	3. 胃	FP	3	2
FPJ	4.小肠	FP	3	5
FPN	5.结肠	FP	3	5
FPU	6.直肠、肛门	FP	3	8
FQA	7.肝	FP	3	0
FQE	8.胆	FP	3	0
FQF	9.胰	FP	3	0
FQR	10.其他	FP	3	0
HAA	1.全身麻醉	HA	3	5
HAB	2.局部麻醉	HA	3	3
HAC	椎管内麻醉	HA	3	12
HAD	神经阻滞麻醉	HA	3	41
HAM	3.气道管理	HA	3	9
HAN	基本生命体征监测	HA	3	6
HAP	其他生理功能监测	HA	3	4
HAQ	5.麻醉并发症处理	HA	3	5
HAR	6.复苏	HA	3	8
HBA	1.中枢神经系统	HB	3	27
HBB	脑被膜	HB	3	23
HBC	端脑	HB	3	15
HBD	间脑	HB	3	2
HBE	小脑	HB	3	4
HBF	脑干	HB	3	4
HBG	脑室	HB	3	15
HBH	3.脑血管	HB	3	8
HBJ	脑动脉	HB	3	21
HBM	脑静脉	HB	3	6
HBN	4.颅底	HB	3	31
HBQ	椎管	HB	3	6
HBR	脊髓被膜	HB	3	13
HBS	脊髓	HB	3	16
HBT	脊髓血管	HB	3	2
HCA	6.周围神经系统	HB	3	0
HCC	视神经	HB	3	0
HCF	三叉神经	HB	3	0
HCH	面神经	HB	3	0
HCJ	听神经	HB	3	0
HCK	舌咽神经	HB	3	0
HCL	迷走神经	HB	3	0
HCM	副神经	HB	3	0
HCP	8.脊神经	HB	3	0
HCQ	脊神经根	HB	3	0
HCR	颈丛神经	HB	3	0
HCS	臂丛神经	HB	3	0
HCT	胸神经	HB	3	0
HCU	腰丛神经	HB	3	0
HCV	骶丛神经	HB	3	0
HCW	9.内脏神经	HB	3	0
HDB	1.垂体	HD	3	7
HDC	2.甲状腺	HD	3	19
HDD	3.甲状旁腺	HD	3	10
HDF	4.肾上腺	HD	3	12
HEA	1.眼	HE	3	10
HEB	眼眶	HE	3	18
HEC	眶内容物	HE	3	13
HED	3.眼睑	HE	3	51
HEE	4.泪器	HE	3	14
HEF	5.眼球	HE	3	9
HEG	结膜	HE	3	9
HEH	角膜	HE	3	40
HEJ	前房	HE	3	15
HEL	虹膜	HE	3	16
HEM	睫状体	HE	3	5
HEN	巩膜	HE	3	14
HEP	晶状体	HE	3	19
HEQ	玻璃体	HE	3	12
HET	视网膜	HE	3	23
HEU	眼内容物	HE	3	5
HEV	6.眼外肌	HE	3	31
HFA	1.耳	HF	3	5
HFB	2.外耳	HF	3	49
HFD	3.中耳	HF	3	11
HFE	鼓室	HF	3	6
HFF	鼓膜	HF	3	8
HFG	听小骨	HF	3	16
HFH	咽鼓管	HF	3	5
HFJ	乳突	HF	3	8
HFK	4.内耳	HF	3	8
HFP	耳蜗	HF	3	6
HFS	内耳淋巴囊	HF	3	2
HFT	5.耳部血管和神经	HF	3	1
HGA	鼻	HG	3	5
HGB	外鼻	HG	3	43
HGC	鼻腔	HG	3	43
HGF	鼻旁窦	HG	3	35
HGG	2.咽喉	HG	3	3
HGH	3.咽部	HG	3	44
HGM	4.喉部	HG	3	70
HGS	扁桃体	HG	3	6
HGT	腺样体	HG	3	2
HHA	面部	HH	3	22
HHB	面部软组织	HH	3	10
HHC	颌面骨	HH	3	134
HHH	颞部	HH	3	21
HHJ	颞下颌关节	HH	3	19
HHK	颏部	HH	3	12
HHL	唾液腺	HH	3	21
HHM	口腔	HH	3	15
HHN	唇	HH	3	38
HHP	颊	HH	3	6
HHQ	舌	HH	3	13
HHR	腭	HH	3	30
HHS	牙	HH	3	22
HHW	牙周	HH	3	14
HHX	种植体	HH	3	4
HHY	3.其他	HH	3	13
HJA	1.呼吸系统	HJ	3	0
HJB	2.气道	HJ	3	6
HJC	气管	HJ	3	21
HJD	支气管	HJ	3	11
HJE	3.肺	HJ	3	34
HJF	肺叶	HJ	3	14
HJG	肺段	HJ	3	3
HJH	4.胸壁	HJ	3	35
HJM	5.胸膜	HJ	3	16
HJN	6.纵隔	HJ	3	11
HJP	7.横膈	HJ	3	8
HJT	8.其他	HJ	3	12
HKA	1.心	HK	3	22
HKB	心包	HK	3	11
HKE	心腔	HK	3	71
HKP	心脏瓣膜	HK	3	54
HKT	心传导系	HK	3	17
HKU	冠状动脉	HK	3	20
HKV	冠状静脉	HK	3	2
HKY	4.畸形心脏和大血管	HK	3	41
HLA	5.肺动脉	HK	3	0
HLB	主动脉	HK	3	0
HLC	升主动脉	HK	3	0
HLD	主动脉弓	HK	3	0
HLE	无名动脉	HK	3	0
HLF	颈动脉颅外段	HK	3	0
HLG	锁骨下动脉	HK	3	0
HLH	椎动脉颅外段	HK	3	0
HLJ	胸主动脉	HK	3	0
HLK	腹主动脉	HK	3	0
HLL	腹腔干动脉	HK	3	0
HLM	胃左动脉	HK	3	0
HLP	肝总动脉	HK	3	0
HLQ	肝固有动脉	HK	3	0
HLR	胃十二指肠动脉	HK	3	0
HLS	脾动脉	HK	3	0
HLT	肠系膜上动脉	HK	3	0
HLU	肠系膜下动脉	HK	3	0
HLV	肾上腺动脉	HK	3	0
HLW	肾动脉	HK	3	0
HLX	生殖动脉	HK	3	0
HL3	上肢动脉	HK	3	0
HL5	下肢动脉	HK	3	0
HL6	股动脉	HK	3	0
HL7	腘动脉	HK	3	0
HL8	足动脉	HK	3	0
HL9	8. 其他动脉	HK	3	0
HMA	9.肺静脉	HK	3	0
HMB	上腔静脉	HK	3	0
HMC	无名静脉	HK	3	0
HMD	颈静脉颅外段	HK	3	0
HME	锁骨下静脉	HK	3	0
HMF	上肢静脉	HK	3	0
HMK	胸部静脉	HK	3	0
HML	下腔静脉	HK	3	0
HMM	肝静脉	HK	3	0
HMN	门静脉系	HK	3	0
HMU	肾静脉	HK	3	0
HMW	生殖静脉	HK	3	0
HMX	髂静脉	HK	3	0
HM1	下肢静脉	HK	3	0
HM2	股静脉	HK	3	0
HM3	腘静脉	HK	3	0
HM8	12.其他静脉	HK	3	0
HM9	13.其他	HK	3	0
HNA	1.骨髓	HN	3	0
HNB	2.脾	HN	3	18
HNE	3.胸腺	HN	3	4
HNF	4.淋巴	HN	3	81
HNZ	5.其他	HN	3	1
HPA	1.消化道	HP	3	14
HPC	2.食管	HP	3	46
HPD	3. 胃	HP	3	72
HPH	4.肠道	HP	3	25
HPJ	5.小肠	HP	3	11
HPK	十二指肠	HP	3	18
HPL	空肠、回肠	HP	3	4
HPP	回盲部	HP	3	2
HPR	阑尾	HP	3	11
HPS	结肠	HP	3	29
HPU	直肠	HP	3	40
HPV	肛门	HP	3	30
HPW	7.肛周	HP	3	8
HQA	8.肝	HP	3	0
HQE	9.胆	HP	3	0
HQN	10.胰	HP	3	0
HQQ	11.其他	HP	3	0
HRB	肾	HR	3	65
HRE	肾周	HR	3	6
HRF	2.输尿管	HR	3	49
HRG	3.膀胱	HR	3	68
HRJ	4.尿道	HR	3	61
HRP	5.腹膜	HR	3	15
HSB	1.睾丸	HS	3	15
HSD	附睾	HS	3	2
HSE	输精管	HS	3	5
HSF	射精管	HS	3	3
HSH	精索	HS	3	5
HSJ	精囊	HS	3	5
HSK	前列腺	HS	3	18
HSM	4.阴囊	HS	3	11
HSN	5.阴茎	HS	3	57
HTA	1.女性生殖器官	HT	3	2
HTB	2.卵巢	HT	3	41
HTC	输卵管	HT	3	28
HTD	子宫	HT	3	103
HTL	阴道	HT	3	45
HTP	4.固定与周围结构	HT	3	13
HTR	5.外阴	HT	3	21
HTW	6.会阴	HT	3	17
HUA	1.孕产系统	HU	3	0
HUE	胎儿	HU	3	5
HUF	胎儿附属物	HU	3	2
HUL	3.孕产期子宫	HU	3	7
HVA	1.头部肌肉骨骼	HV	3	0
HVB	颅骨	HV	3	19
HVD	头颈部肌肉软组织	HV	3	1
HVE	脊柱	HV	3	42
HVF	脊柱连结	HV	3	11
HVG	躯干部肌肉软组织	HV	3	5
HVH	颈椎	HV	3	75
HVJ	颈椎连结	HV	3	23
HVL	颈胸段椎骨与连结	HV	3	8
HVN	胸椎	HV	3	52
HVP	胸椎连结	HV	3	13
HVR	胸腰段椎骨与连结	HV	3	11
HVT	腰椎	HV	3	44
HVU	腰椎连结	HV	3	23
HVW	腰骶段椎骨与连结	HV	3	8
HVY	骶椎	HV	3	9
HWA	3.上肢	HV	3	0
HWB	锁骨	HV	3	0
HWC	肩胛骨	HV	3	0
HWD	上肢带连结	HV	3	0
HWE	上肢带肌及软组织	HV	3	0
HWG	肩关节	HV	3	0
HWH	肱骨	HV	3	0
HWJ	肘关节	HV	3	0
HWK	上臂肌肉软组织	HV	3	0
HWL	6.前臂	HV	3	0
HWM	尺骨	HV	3	0
HWN	桡骨	HV	3	0
HWP	桡尺连结	HV	3	0
HWQ	前臂肌肉软组织	HV	3	0
HWR	7.手部	HV	3	0
HWS	手骨	HV	3	0
HWT	手关节	HV	3	0
HWU	手和腕部肌肉软组织	HV	3	0
HWV	腕骨	HV	3	0
HWW	腕部连结	HV	3	0
HWY	掌骨	HV	3	0
HWZ	掌部连结	HV	3	0
HW1	掌部肌肉软组织	HV	3	0
HW2	指	HV	3	0
HW3	拇指	HV	3	0
HW4	指连结	HV	3	0
HW5	指肌肉软组织	HV	3	0
HW6	8.肢体	HV	3	0
HXA	9.下肢	HV	3	0
HXB	骨盆	HV	3	0
HXC	下肢带连结	HV	3	0
HXD	髋关节	HV	3	0
HXE	髋肌及软组织	HV	3	0
HXF	11.大腿	HV	3	0
HXG	股骨	HV	3	0
HXH	髌骨	HV	3	0
HXJ	膝关节	HV	3	0
HXK	膝部韧带	HV	3	0
HXL	半月板	HV	3	0
HXM	大腿和膝部肌肉软组织	HV	3	0
HXN	12.小腿	HV	3	0
HXP	胫骨	HV	3	0
HXQ	腓骨	HV	3	0
HXR	胫腓连结	HV	3	0
HXS	小腿和踝部肌肉软组织	HV	3	0
HXU	13.足部	HV	3	0
HXV	足骨	HV	3	0
HXW	足连结	HV	3	0
HXX	足部肌肉软组织	HV	3	0
HXY	跗骨	HV	3	0
HXZ	踝关节	HV	3	0
HX1	跖骨	HV	3	0
HX2	跖趾连结	HV	3	0
HYA	1.乳腺	HY	3	59
HYD	2.皮肤	HY	3	249
HYS	3.附属器	HY	3	90
KHA	1.面部	KH	3	10
KHC	颌面骨	KH	3	11
KHJ	颞下颌关节	KH	3	7
KHL	唾液腺	KH	3	2
KHM	2. 口腔	KH	3	17
KHN	唇	KH	3	5
KHR	腭	KH	3	6
KHS	牙	KH	3	164
KHW	牙周	KH	3	9
KHX	3.其他	KH	3	31
LAA	1.放射计划设计	LA	3	6
LAB	2.剂量验证与监控	LA	3	8
LAC	3.模拟定位与校位	LA	3	6
LAD	4.外照射治疗	LA	3	23
LAE	5.后装放疗	LA	3	8
LAF	6.模具制备与使用	LA	3	20
PBA	1.中医外治	PB	3	50
PBB	2.中医骨伤治疗	PB	3	73
PBC	3.针刺与灸法	PB	3	101
PBD	4.中医推拿治疗	PB	3	75
PBE	5.中医肛肠治疗	PB	3	44
PBF	6.中医特殊治疗	PB	3	29
PCA	1.中药特殊调配加工	PC	3	20
PCB	2.辨证施膳	PC	3	4
