cat_no	cat_name	item_code	item_name	raw_value
1	综合医疗服务类	1	一般医疗服务费	1.综合医疗服务类：(1)一般医疗服务费
1	综合医疗服务类	2	一般治疗操作费	1.综合医疗服务类：(2)一般治疗操作费
1	综合医疗服务类	3	护理费	1.综合医疗服务类：(3)护理费
1	综合医疗服务类	4	其他费用	1.综合医疗服务类：(4)其他费用
2	诊断类	5	病理诊断费	2.诊断类：(5)病理诊断费
2	诊断类	6	实验室诊断费	2.诊断类：(6)实验室诊断费
2	诊断类	7	影像学诊断费	2.诊断类：(7)影像学诊断费
2	诊断类	8	临床诊断项目费	2.诊断类：(8)临床诊断项目费
3	治疗类	9	非手术治疗项目费	3.治疗类：(9)非手术治疗项目费
3	治疗类	10	手术治疗费	3.治疗类：(10)手术治疗费
3	治疗类	10	麻醉-手术	3.治疗类：(10)麻醉-手术
3	治疗类	10	麻醉-检查	3.治疗类：(10)麻醉-检查
3	治疗类	10	麻醉-治疗	3.治疗类：(10)麻醉-治疗
4	康复类	11	康复费	4.康复类：(11)康复费
5	中医类	12	中医治疗费	5.中医类：(12)中医治疗费
5	中医类		中医手术费	5.中医类：中医手术费
5	中医类		中医诊断费	5.中医类：中医诊断费
